{"cameraMode":{"drawMode":0,"name":"Shaded","section":"Shading Mode"},"sceneLighting":false,"audioPlay":false,"sceneViewState":{"showFog":true,"showMaterialUpdate":false,"showSkybox":false,"showFlares":true,"showImageEffects":true,"showParticleSystems":true,"showVisualEffectGraphs":true,"m_FxEnabled":false},"in2DMode":false,"pivot":{"x":0.023998260498046876,"y":1.2193641662597657,"z":1.0521469116210938},"rotation":{"x":0.06145922467112541,"y":0.0023953455965965988,"z":-0.00014788965927436948,"w":0.99810791015625},"size":60.62177658081055,"orthographic":true}