{"cameraMode":{"drawMode":0,"name":"Shaded","section":"Shading Mode"},"sceneLighting":false,"audioPlay":false,"sceneViewState":{"showFog":true,"showMaterialUpdate":false,"showSkybox":false,"showFlares":true,"showImageEffects":true,"showParticleSystems":true,"showVisualEffectGraphs":true,"m_FxEnabled":false},"in2DMode":false,"pivot":{"x":-0.012941241264343262,"y":0.6186964511871338,"z":0.01901233196258545},"rotation":{"x":0.07258143275976181,"y":-0.8373100161552429,"z":0.11475475132465363,"w":0.5296242237091065},"size":1.3808964490890504,"orthographic":false}