{"cameraMode":{"drawMode":0,"name":"Shaded","section":"Shading Mode"},"sceneLighting":false,"audioPlay":false,"sceneViewState":{"showFog":true,"showMaterialUpdate":false,"showSkybox":false,"showFlares":true,"showImageEffects":true,"showParticleSystems":true,"showVisualEffectGraphs":true,"m_FxEnabled":false},"in2DMode":false,"pivot":{"x":-0.27612781524658205,"y":1.7872145175933838,"z":0.36449217796325686},"rotation":{"x":-0.10790789872407913,"y":0.8646320700645447,"z":-0.2104993462562561,"w":-0.44323474168777468},"size":1.8811893463134766,"orthographic":false}