{"cameraMode":{"drawMode":0,"name":"Shaded","section":"Shading Mode"},"sceneLighting":false,"audioPlay":false,"sceneViewState":{"showFog":true,"showMaterialUpdate":false,"showSkybox":false,"showFlares":true,"showImageEffects":true,"showParticleSystems":true,"showVisualEffectGraphs":true,"m_FxEnabled":false},"in2DMode":false,"pivot":{"x":0.006316781044006348,"y":1.4025105237960816,"z":0.057851970195770267},"rotation":{"x":0.07556251436471939,"y":-0.8631631135940552,"z":0.135756716132164,"w":0.4804379940032959},"size":2.3314366340637209,"orthographic":false}